timestamp,action,task_id,task_name,user,params_summary,result
2026-01-18T03:22:51.883Z,legion_init,,,Claude,workingDirectory: /Users/c1/dotfiles,success
2026-01-18T03:23:13.060Z,legion_create_task,,,Claude,goal: 确保 dotfiles 项目在 NixOS 和 nix-darwin 两个平台上都能正常工作,failed
2026-01-18T03:23:33.717Z,legion_propose_task,,,Claude,name: cross-platform-compatibility-audit,success
2026-01-18T03:23:37.367Z,legion_approve_proposal,cross-platform-compatibility-audit,cross-platform-compatibility-audit,Claude,proposalId: proposal-mkj691hv-c0099e,success
2026-01-18T03:23:50.683Z,legion_update_context,cross-platform-compatibility-audit,cross-platform-compatibility-audit,Claude,addDecision: 使用平台条件分离而非统一配置处理环境变量,success
2026-01-18T03:23:59.730Z,legion_update_context,cross-platform-compatibility-audit,cross-platform-compatibility-audit,Claude,addFile: modules/dev/node.nix,success
2026-01-18T03:24:04.074Z,legion_update_context,cross-platform-compatibility-audit,cross-platform-compatibility-audit,Claude,addFile: modules/security.nix,success
2026-01-18T03:24:07.078Z,legion_update_context,cross-platform-compatibility-audit,cross-platform-compatibility-audit,Claude,addFile: modules/services/docker.nix,success
2026-01-18T03:24:10.546Z,legion_update_context,cross-platform-compatibility-audit,cross-platform-compatibility-audit,Claude,addFile: modules/services/ssh.nix,success
2026-01-18T03:24:12.599Z,legion_update_context,cross-platform-compatibility-audit,cross-platform-compatibility-audit,Claude,addFile: modules/services/gnome-keyring.nix,success
2026-01-18T03:24:15.591Z,legion_update_context,cross-platform-compatibility-audit,cross-platform-compatibility-audit,Claude,addFile: lib/options.nix,success
2026-01-18T03:24:20.194Z,legion_update_context,cross-platform-compatibility-audit,cross-platform-compatibility-audit,Claude,addFile: CROSS_PLATFORM.md,success
2026-01-18T03:24:34.078Z,legion_update_context,cross-platform-compatibility-audit,cross-platform-compatibility-audit,Claude,addDecision: 对于完全 Linux 专用的模块（如 security.nix）在模块顶层包裹 isLinux 检查,success
2026-01-18T03:24:41.124Z,legion_update_context,cross-platform-compatibility-audit,cross-platform-compatibility-audit,Claude,addDecision: 创建 mkEnvVars 辅助函数统一处理环境变量设置,success
2026-01-18T03:24:59.854Z,legion_update_context,cross-platform-compatibility-audit,cross-platform-compatibility-audit,Claude,handoff: 删除手动创建的 task/ 目录和 CROSS_PLATFORM.md（已被 legionmind 管理）,success
2026-01-18T03:25:07.193Z,legion_update_tasks,cross-platform-compatibility-audit,cross-platform-compatibility-audit,Claude,completeTask: 审视项目架构，识别平台兼容性问题,success
2026-01-18T03:25:08.721Z,legion_update_tasks,cross-platform-compatibility-audit,cross-platform-compatibility-audit,Claude,completeTask: 分析 node.nix 环境变量不生效的根本原因,success
2026-01-18T03:25:09.837Z,legion_update_tasks,cross-platform-compatibility-audit,cross-platform-compatibility-audit,Claude,completeTask: 修复 modules/dev/node.nix 环境变量设置,success
2026-01-18T03:25:11.072Z,legion_update_tasks,cross-platform-compatibility-audit,cross-platform-compatibility-audit,Claude,completeTask: 修复 modules/security.nix 添加 Linux 平台保护,success
2026-01-18T03:25:12.134Z,legion_update_tasks,cross-platform-compatibility-audit,cross-platform-compatibility-audit,Claude,completeTask: 修复 modules/services/docker.nix 添加 Linux 平台检查,success
2026-01-18T03:25:13.368Z,legion_update_tasks,cross-platform-compatibility-audit,cross-platform-compatibility-audit,Claude,completeTask: 修复 modules/services/ssh.nix 的 systemd 依赖,success
2026-01-18T03:25:14.315Z,legion_update_tasks,cross-platform-compatibility-audit,cross-platform-compatibility-audit,Claude,completeTask: 更新 modules/services/gnome-keyring.nix 包名,success
2026-01-18T03:25:15.368Z,legion_update_tasks,cross-platform-compatibility-audit,cross-platform-compatibility-audit,Claude,completeTask: 在 lib/options.nix 创建 mkEnvVars 辅助函数,success
2026-01-18T03:25:17.014Z,legion_update_tasks,cross-platform-compatibility-audit,cross-platform-compatibility-audit,Claude,completeTask: 编写完整的跨平台模块开发指南,success
2026-01-18T03:25:17.888Z,legion_update_tasks,cross-platform-compatibility-audit,cross-platform-compatibility-audit,Claude,completeTask: 构建验证 Darwin 配置 (charlie),success
2026-01-18T03:25:24.955Z,legion_update_tasks,cross-platform-compatibility-audit,cross-platform-compatibility-audit,Claude,completeTask: 清理临时文件并准备提交,success
2026-01-18T03:28:56.701Z,legion_update_plan,cross-platform-compatibility-audit,cross-platform-compatibility-audit,Claude,,success
2026-01-18T03:29:01.109Z,legion_update_tasks,cross-platform-compatibility-audit,cross-platform-compatibility-audit,Claude,completeTask: 清理临时文件并准备提交,success
2026-01-19T12:04:50.671Z,legion_get_status,cross-platform-compatibility-audit,cross-platform-compatibility-audit,Claude,,success
2026-01-19T12:04:58.513Z,legion_propose_task,cross-platform-compatibility-audit,cross-platform-compatibility-audit,Claude,name: dual-cloudflared-topology,success
2026-01-19T12:05:07.090Z,legion_approve_proposal,dual-cloudflared-topology,dual-cloudflared-topology,Claude,proposalId: proposal-mkl4bfnz-05e9c5,success
2026-01-19T12:05:14.499Z,legion_update_plan,dual-cloudflared-topology,dual-cloudflared-topology,Claude,,success
2026-01-19T12:05:18.974Z,legion_update_tasks,dual-cloudflared-topology,dual-cloudflared-topology,Claude,setCurrentTask: 给出双隧道拓扑与配置落点设计,success
2026-01-19T12:05:56.672Z,legion_update_context,dual-cloudflared-topology,dual-cloudflared-topology,Claude,addDecision: 采用 atlas 与 charlie 各自独立运行 cloudflared 的双隧道拓扑，并同步更新 Nix 配置与文档。,success
2026-01-19T12:06:00.092Z,legion_update_tasks,dual-cloudflared-topology,dual-cloudflared-topology,Claude,completeTask: 给出双隧道拓扑与配置落点设计,success
2026-01-19T12:09:04.703Z,legion_update_context,dual-cloudflared-topology,dual-cloudflared-topology,Claude,addFile: modules/services/cloudflared.nix,success
2026-01-19T12:09:11.765Z,legion_update_tasks,dual-cloudflared-topology,dual-cloudflared-topology,Claude,completeTask: 按设计更新 Nix 模块/主机配置,success
2026-01-19T12:09:13.958Z,legion_update_tasks,dual-cloudflared-topology,dual-cloudflared-topology,Claude,completeTask: 更新 Zero Trust 与 macOS SSH 文档,success
2026-01-19T12:09:18.370Z,legion_update_context,dual-cloudflared-topology,dual-cloudflared-topology,Claude,progress.completed: 更新 cloudflared 模块注释为双隧道拓扑,success
2026-03-24T12:10:29.976Z,legion_get_status,dual-cloudflared-topology,dual-cloudflared-topology,Claude,,success
2026-03-24T12:10:48.157Z,legion_create_task,dual-cloudflared-topology,dual-cloudflared-topology,Claude,goal: 让 acorn 主机配置适配当前仓库的新配置方式，并在 darwin 环境下尽可能验证到 nix build 通过，同时优先保障 vaultwarden 相关服务稳定安全。,failed
2026-03-24T12:11:01.340Z,legion_propose_task,dual-cloudflared-topology,dual-cloudflared-topology,Claude,name: acorn 新配置适配与构建修复,success
2026-03-24T12:11:05.281Z,legion_approve_proposal,acorn,acorn 新配置适配与构建修复,Claude,proposalId: proposal-mn4kpqai-886d1e,success
2026-03-24T12:11:13.447Z,legion_switch_task,acorn,acorn 新配置适配与构建修复,Claude,taskId: acorn,success
2026-03-24T12:11:45.347Z,legion_update_tasks,acorn,acorn 新配置适配与构建修复,Claude,setCurrentTask: phase 1,success
2026-03-24T12:11:45.353Z,legion_update_context,acorn,acorn 新配置适配与构建修复,Claude,addDecision: 先以构建失败信号驱动 design-lite，而不是预先扩展到完整 RFC,success
2026-03-24T12:19:53.818Z,legion_update_tasks,acorn,acorn 新配置适配与构建修复,Claude,completeTask: phase 1,success
2026-03-24T12:19:53.899Z,legion_update_tasks,acorn,acorn 新配置适配与构建修复,Claude,setCurrentTask: phase 2,success
2026-03-24T12:19:53.899Z,legion_update_tasks,acorn,acorn 新配置适配与构建修复,Claude,completeTask: phase 1,success
2026-03-24T12:19:53.900Z,legion_update_context,acorn,acorn 新配置适配与构建修复,Claude,addDecision: 任务按 Medium 风险处理，先补短 RFC 再实现,success
2026-03-24T12:40:11.707Z,legion_update_tasks,acorn,acorn 新配置适配与构建修复,Claude,setCurrentTask: 生成 walkthrough 与 PR body,success
2026-03-24T12:40:11.707Z,legion_update_context,acorn,acorn 新配置适配与构建修复,Claude,addDecision: 不在 acorn 上永久关闭 agenix host key 校验，而是将例外收敛到纯求值/无 currentSystem 场景,success
2026-03-24T13:55:38.523Z,legion_get_status,acorn,acorn 新配置适配与构建修复,Claude,,success
2026-03-24T13:57:12.006Z,legion_update_tasks,acorn,acorn 新配置适配与构建修复,Claude,addDiscoveredTask: 排查并修复 acorn 上 vaultwarden-env age secret 未落盘导致的 vaultwarden 启动失败,success
2026-03-24T13:57:12.006Z,legion_update_context,acorn,acorn 新配置适配与构建修复,Claude,addDecision: 优先按 secrets 解密链路排查 vaultwarden 启动失败，而不是先改 vaultwarden 服务参数,success
2026-03-24T14:04:23.825Z,legion_update_context,acorn,acorn 新配置适配与构建修复,Claude,addDecision: 先把 acorn secrets recipient 对齐到项目根目录提供的 host key 公钥,success
2026-03-24T14:04:23.825Z,legion_update_tasks,acorn,acorn 新配置适配与构建修复,Claude,setCurrentTask: 修复 acorn vaultwarden-env secret 的 recipient 与重加密链路,success
2026-03-24T14:09:50.817Z,legion_update_tasks,acorn,acorn 新配置适配与构建修复,Claude,setCurrentTask: 验证 vaultwarden secret 恢复并指导目标机切换,success
2026-03-24T14:09:50.817Z,legion_update_context,acorn,acorn 新配置适配与构建修复,Claude,addDecision: 在恢复 vaultwarden secret 解密链路的同时为环境文件显式收紧权限,success
2026-03-24T14:14:46.586Z,legion_update_context,acorn,acorn 新配置适配与构建修复,Claude,addDecision: 将 acorn 的 `modules.agenix.sshKey` 改回用户密钥 `/home/c1/.ssh/id_ed25519`,success
2026-03-24T14:14:46.591Z,legion_update_tasks,acorn,acorn 新配置适配与构建修复,Claude,setCurrentTask: 切换 acorn agenix 解密身份到实际使用的用户私钥并验证 vaultwarden secret,success
2026-03-24T14:22:49.755Z,legion_update_context,acorn,acorn 新配置适配与构建修复,Claude,addDecision: 为 acorn 的 `cloud-init` / `cloud-config` / `cloud-final` systemd 单元显式注入 `pkgs.e2fsprogs` 到 PATH,success
2026-03-24T14:22:49.755Z,legion_update_tasks,acorn,acorn 新配置适配与构建修复,Claude,addDiscoveredTask: 在 acorn 上验证 cloud-init 单元 PATH 注入后，`nixos-rebuild switch` 与 `vaultwarden` 均恢复正常,success
